mu11,mu12,mu13,mu14,mu15,mu16,mu17,mu18,mu19,mu110,max11,max12,max13,max14,max15,max16,max17,max18,max19,max110,med11,med12,med13,med14,med15,med16,med17,med18,med19,med110,grad11,grad12,grad13,grad14,grad15,grad16,grad17,grad18,grad19,grad110,mu21,mu22,mu23,mu24,mu25,mu26,mu27,mu28,mu29,mu210,max21,max22,max23,max24,max25,max26,max27,max28,max29,max210,med21,med22,med23,med24,med25,med26,med27,med28,med29,med210,grad21,grad22,grad23,grad24,grad25,grad26,grad27,grad28,grad29,grad210,label
131.57933823529424,8.06308823529409,-1.0472549019608661,525.389387254902,251.25710784313716,190.94176470588258,4.6331372549019525,800.5401715686274,512.9482843137254,964.9833578431374,457.9837500000001,27.467499999999973,-0.2850000000000818,1454.92125,758.1125,533.7800000000002,11.914999999999992,2195.48625,1416.3625,2089.96375,67.9837500000001,4.342499999999973,-1.160000000000082,309.2962500000001,158.23749999999995,136.2800000000002,3.914999999999992,431.9862499999999,341.36249999999995,968.96375,18.9375,1.3125,0.06250000000000006,63.8125,27.0625,18.5,0.4375,107.37499999999994,56.1875,105.31250000000006,1143.09875,114.1525,1.9958333333332514,1584.8304166666665,835.4450000000002,560.7708333333335,18.77999999999999,2356.06375,1733.7483333333328,2199.922916666666,1310.98375,170.34249999999997,3.714999999999918,1683.54625,1013.8625,666.0300000000002,20.539999999999992,2415.36125,1795.7375,2276.46375,1270.29625,122.84249999999996,2.339999999999918,1607.54625,866.7375,579.1550000000002,19.789999999999992,2370.36125,1755.2375,2219.27625,19.0,1.4375,0.12499999999999994,17.125000000000114,17.187500000000114,9.5,0.3125,18.8125,21.250000000000114,13.0625,A
59.562720588235315,3.2652696078430825,-0.12401960784318267,311.5897549019608,105.16460784313726,86.85803921568649,1.9983333333333253,428.5428186274509,266.7730637254902,593.2257352941176,208.88625,10.841249999999944,0.2999999999999545,999.0775,327.395,253.26000000000025,5.414999999999992,1525.12125,825.36375,1590.2625,31.886250000000015,1.8412499999999452,-0.2000000000000454,161.3275000000001,67.76999999999998,60.88500000000022,1.664999999999992,169.99624999999992,155.36374999999998,397.7625000000001,9.0,0.5,0.06250000000000004,38.5,11.1875,8.375,0.3125,63.81250000000006,29.3125,65.5625,753.524583333333,50.90208333333326,1.7358333333332878,1368.175,490.26833333333326,350.1650000000003,9.446666666666658,2226.1979166666665,1355.010416666667,1911.4058333333342,1000.63625,80.84124999999995,2.7999999999999545,1454.2025,569.645,393.8850000000002,10.789999999999992,2325.49625,1459.61375,1986.5125,838.13625,53.903749999999945,1.9249999999999543,1393.7025,502.4575,357.1350000000002,10.164999999999992,2284.12125,1433.05125,1935.1375,10.0,0.625,0.1875,24.750000000000114,10.0625,6.0625,0.1875,45.187500000000114,21.5625,20.937499999999886,A
78.1613480392157,4.082671568627396,0.09085784313721852,332.1017401960785,125.5393137254903,104.9798039215684,2.4340441176470486,509.2800245098039,294.73713235294116,667.6272549019608,264.79125,13.903749999999944,0.3212499999999636,1051.00125,396.1300000000001,308.7199999999998,6.19874999999999,1654.34375,895.28125,1659.49,43.91624999999999,2.028749999999945,0.0712499999999636,167.50125000000003,80.25500000000011,73.4699999999998,2.0737499999999898,227.59375,173.28125,519.365,11.0625,0.625,0.06250000000000001,41.125,13.5625,10.125,0.375,68.375,32.1875,71.875,868.5445833333331,66.47624999999996,2.17291666666663,1375.8645833333333,598.11,418.2633333333332,11.142083333333325,2139.52625,1370.8354166666666,1929.0524999999996,1100.79125,106.40374999999996,3.571249999999964,1453.50125,687.7550000000001,467.4699999999998,12.82374999999999,2209.21875,1457.03125,1992.49,972.10375,70.21624999999995,2.383749999999964,1397.87625,612.8175000000001,426.6574999999998,11.94874999999999,2174.28125,1431.40625,1948.49,12.0,0.8125,0.125,23.562500000000114,12.4375,7.4375,0.1875,35.5,21.5625,18.062499999999886,A
221.20269607843144,13.453676470588281,-0.9005637254902324,688.4585784313725,393.71401960784317,278.2160784313726,6.689142156862754,1031.9112009803926,671.8390441176471,1172.5353186274508,737.8375000000001,47.137500000000045,-0.1162500000000363,1681.7625,1093.665,729.395,16.70875000000001,2446.78375,1659.10375,2277.73875,121.21250000000008,7.1375000000000455,-0.9912500000000364,506.0125000000001,262.165,210.645,5.833750000000009,736.28375,544.72875,1373.23875,27.4375,2.0,0.0625,84.0625,41.625,27.1875,0.625,143.3125,71.0,126.125,1379.495833333333,194.4841666666667,3.8062499999999635,1735.6150000000002,1075.9341666666664,700.9774999999998,27.19125,2495.337916666667,1837.380416666667,2315.0662499999994,1498.3375,288.88750000000005,6.508749999999964,1823.7625,1283.79,834.145,29.95875000000001,2542.40875,1884.10375,2373.61375,1453.65,209.51250000000005,4.321249999999964,1757.3875,1124.6025,726.5825,28.95875000000001,2506.90875,1849.22875,2331.80125,26.0,2.375,0.375,11.937499999999886,16.625,9.625,0.4375,9.500000000000227,15.812500000000114,8.062500000000227,A
69.81747549019614,3.064215686274487,0.33762254901960786,332.13245098039226,124.60137254901969,104.52928921568633,2.9683333333333244,462.36943627450984,289.0566176470589,660.9839215686275,242.62875000000008,10.774999999999975,0.78125,1067.63,380.4200000000001,300.5562500000001,7.259999999999991,1603.15375,893.2625,1700.18,38.25375000000008,1.3999999999999773,0.28125,167.1300000000001,84.04500000000007,75.68125000000009,2.759999999999991,187.77874999999997,168.13750000000005,486.18000000000006,10.4375,0.5625,0.0625,41.5,12.5625,9.6875,0.3125,66.5,31.9375,72.25,844.8454166666669,60.07666666666663,2.90625,1436.0883333333338,575.7016666666667,419.2454166666668,12.753333333333325,2219.66625,1425.8033333333333,2029.4691666666668,1107.00375,100.52499999999998,4.78125,1514.63,655.2950000000001,463.3062500000001,14.634999999999993,2303.52875,1529.0125,2096.6800000000003,940.94125,62.64999999999998,3.03125,1462.505,590.5450000000001,427.8062500000001,13.572499999999993,2269.96625,1503.325,2055.6175000000003,11.25,0.8125,0.1875,24.6875,10.9375,7.0625,0.2500000000000009,41.24999999999977,22.249999999999886,19.875000000000114,A
93.98365196078431,4.809019607843128,-0.5403431372547928,430.5106862745098,156.44022058823538,132.54671568627464,3.149828431372563,623.749044117647,393.3240686274509,825.5362254901963,334.97875,17.38499999999999,-0.1824999999998908,1297.545,499.0137500000001,384.63250000000016,8.578750000000014,1997.76375,1135.1525,1937.3475,48.72874999999999,2.259999999999991,-0.5574999999998909,230.92000000000007,95.63875000000009,93.50750000000016,2.5787500000000136,268.6387500000001,261.5274999999999,720.0975000000001,14.625,0.9375,0.06250000000000003,53.0625,17.625,12.8125,0.375,87.56250000000006,40.8125,91.8125,1036.4304166666664,87.70000000000002,2.5508333333334425,1574.2141666666666,721.0295833333333,499.7441666666668,15.487916666666685,2405.964583333334,1580.7483333333332,2159.1483333333335,1272.60375,143.51,4.567500000000109,1644.92,818.5137500000001,553.3825000000002,17.703750000000014,2463.13875,1655.6525,2211.8475,1163.35375,92.0725,2.692500000000109,1593.045,737.6387500000001,509.00750000000016,16.641250000000014,2432.07625,1630.9025,2175.8475,15.0625,1.125,0.125,21.9375,14.75,8.8125,0.3125,33.3125,22.375000000000114,15.312499999999886,A
43.90367647058832,2.188455882352982,-0.3074509803922205,226.95639705882337,79.26406862745097,69.10093137254906,2.114558823529413,317.63997549019615,217.65919117647064,512.9652450980392,155.3375000000001,7.423750000000041,0.0699999999999363,796.3387499999999,251.8425,204.52250000000004,5.342500000000001,1204.70125,687.9312500000001,1447.8525,23.21250000000009,1.173750000000041,-0.3050000000000636,101.96374999999988,50.71749999999997,49.77250000000004,1.7175000000000011,120.32625000000009,126.55625000000008,320.4775,7.1875,0.375,0.06250000000000003,31.8125,8.75,6.5625,0.2500000000000002,52.24999999999994,24.1875,57.5625,635.8333333333335,40.58875000000003,1.756666666666603,1263.3912499999997,410.7258333333332,308.1116666666667,9.176666666666666,2100.0862500000003,1226.2104166666663,1811.0391666666674,891.3375000000001,67.42375000000004,3.1949999999999363,1356.96375,474.0925,344.14750000000004,10.3425,2235.57625,1343.55625,1890.3525,701.1500000000001,42.42375000000004,1.9449999999999363,1300.21375,422.5925,315.89750000000004,9.905,2193.01375,1317.55625,1838.4775,8.25,0.5000000000000009,0.12500000000000003,26.25,8.25,5.4375,0.1875,46.8125,19.875,23.0,A
93.43181372549023,4.276176470588272,-0.6075245098040216,405.2862745098038,155.82553921568623,126.32625000000007,3.3501225490195963,604.3269117647059,374.02088235294116,803.3868872549018,331.39750000000004,16.335000000000036,-0.1712500000001,1256.85,486.8525,367.7012500000001,8.543749999999989,1955.7975,1103.815,1918.29375,48.39750000000004,1.7100000000000364,-0.6712500000001,203.4749999999999,98.10249999999996,87.70125000000007,2.7937499999999886,259.9224999999999,232.69000000000003,674.54375,14.5625,0.75,0.1875,51.4375,16.8125,12.125,0.375,84.5625,40.375,90.5625,1008.2433333333336,81.80750000000002,2.2870833333332334,1544.561666666667,679.3791666666667,473.10375,14.692916666666658,2382.843333333333,1552.064166666667,2137.237083333334,1234.2725,131.83500000000004,4.0787499999999,1621.85,779.9775,528.5762500000001,16.66874999999999,2444.6725,1626.815,2195.29375,1130.46,86.27250000000004,2.5787499999999,1563.725,695.415,481.7637500000001,15.668749999999989,2409.9225,1601.19,2153.41875,14.75,1.0,0.06250000000000003,23.6875,14.312499999999886,8.625,0.6875,35.12499999999977,23.125,16.499999999999886,A
147.26107843137262,8.287450980392125,-0.21134803921563167,573.514387254902,244.33078431372533,190.53004901960762,4.662401960784313,857.8234068627453,541.3621323529412,1041.8787009803923,515.065,29.534999999999968,0.2837500000000545,1528.17125,746.7449999999999,533.7824999999998,11.7825,2291.80625,1408.03125,2154.3762500000003,77.44000000000005,4.159999999999968,-0.2162499999999454,374.4212500000001,152.9949999999999,137.0324999999998,4.157499999999999,503.6812500000001,420.65625,1145.62625,21.0625,1.4375,0.06250000000000001,68.1875,26.25,18.375,0.4375,113.62500000000006,56.0625,119.5,1264.951666666667,146.4033333333333,3.832083333333388,1699.38125,950.6666666666663,630.1883333333332,21.735833333333332,2470.5304166666665,1710.12625,2275.1412500000006,1441.69,236.285,6.283750000000055,1764.17125,1073.62,703.5324999999998,25.1575,2508.80625,1759.15625,2317.3762500000003,1406.19,154.40999999999997,4.158750000000055,1714.60875,974.0575,643.0324999999998,23.4075,2481.99375,1734.40625,2286.5637500000003,21.375,1.8125,0.18750000000000003,16.125000000000114,18.5625,10.4375,0.3125,17.874999999999773,19.0625,10.625,A
109.47205882352944,5.882769607843146,-0.3182598039216141,462.7976225490196,183.48051470588229,147.53553921568627,3.865931372549014,697.1670098039216,415.07237745098024,881.7203921568625,385.0750000000001,20.83375000000001,-0.0437500000000454,1334.36625,569.5687499999999,417.9375,9.662499999999994,2075.1425,1162.50375,1974.365,57.575000000000045,2.958750000000009,-0.4187500000000455,267.11625000000004,111.81874999999992,106.3125,3.2874999999999943,341.6424999999999,286.00374999999985,836.115,15.937500000000028,1.0625,0.06250000000000004,55.8125,19.8125,14.0625,0.43750000000000044,93.87499999999994,43.25,95.375,1070.5233333333333,97.44125,2.332916666666621,1547.2037500000001,746.6987499999999,507.86,16.460833333333323,2379.7599999999998,1537.86875,2142.2958333333327,1274.7,156.58375,3.8312499999999545,1615.86625,849.0687499999999,564.1875,19.037499999999994,2428.2675,1598.00375,2189.49,1196.95,102.52125,2.5812499999999545,1561.80375,762.0062499999999,515.6875,17.412499999999994,2397.705,1575.69125,2154.1775,16.25,1.1875,0.06250000000000011,18.8125,15.0625,8.5,0.3125,26.3125,20.187499999999886,13.562499999999886,A
59.14061274509815,2.9644607843137254,-0.010882352941240118,287.6703431372549,103.34220588235306,87.4078676470588,2.1630392156862723,426.67049019607833,275.33404411764724,642.8774019607843,213.3587500000001,10.4375,0.3199999999999363,970.9375,332.3275000000001,256.73875,5.439999999999998,1523.82,838.8487500000001,1647.4975,30.1087500000001,1.3125,-0.0550000000000636,134.0625,62.7025000000001,61.73874999999998,1.9399999999999975,169.81999999999994,169.4737500000001,485.3725,9.5,0.5,0.18749999999999994,38.3125,11.625,8.4375,0.375,63.62500000000006,29.4375,67.625,770.9529166666667,53.75416666666667,2.3799999999999364,1353.67,503.1950000000002,361.08375,9.856666666666667,2207.2500000000005,1331.3862500000005,1934.2649999999996,1017.98375,87.8125,4.069999999999936,1436.6875,580.3275000000001,403.11375,11.314999999999998,2301.82,1426.34875,2001.4975,858.4837500000001,56.5625,2.5699999999999363,1379.6875,516.1400000000001,368.67625,10.689999999999998,2263.2575,1401.72375,1955.1225,10.375,0.6875,0.2500000000000009,26.125,10.375,6.5625,0.25,45.187499999999886,20.875,19.624999999999773,A
59.96144607843143,3.133161764705873,-0.017965686274500736,288.88774509803926,112.01017156862741,84.37995098039221,1.9685049019607956,411.41718137254884,245.5994117647058,569.3112254901961,208.47125000000003,10.103749999999993,0.3962500000000091,956.15,342.83124999999995,251.87750000000003,5.206250000000011,1488.46375,795.0699999999999,1563.6225,32.346250000000055,1.728749999999991,-0.1037499999999909,142.5250000000001,76.08124999999995,59.002500000000055,1.7062500000000114,160.0887499999999,128.19499999999994,368.3725,9.25,0.5,0.06250000000000004,36.75,11.25,8.25,0.2500000000000002,62.18749999999994,28.875,64.3125,765.7645833333336,50.74041666666667,2.445416666666676,1366.0091666666663,505.50041666666687,361.60333333333335,9.377916666666676,2240.9645833333325,1366.2075000000002,1918.7141666666662,1026.34625,82.85374999999999,3.771250000000009,1451.65,583.33125,404.37750000000005,10.706250000000011,2344.46375,1480.445,1992.2475,850.59625,53.35374999999999,2.646250000000009,1394.525,517.33125,368.81500000000005,10.081250000000011,2306.58875,1456.07,1945.1225,10.125,0.7499999999999991,0.0625,25.8125,9.937500000000085,6.625,0.1875,46.5,22.249999999999886,21.999999999999773,A
95.7676470588236,5.468627450980369,-0.3283088235295027,428.43678921568613,165.81198529411773,133.7559068627451,3.2360049019607797,668.1932843137255,422.7683333333334,874.9348529411762,350.0250000000001,19.774999999999977,0.068749999999909,1312.58875,536.3487500000001,395.73875,8.598749999999995,2064.2325,1191.31,2000.6775,46.77500000000009,2.5249999999999773,-0.4312500000000909,214.5887499999999,96.22375000000012,89.48874999999998,2.7237499999999955,320.6075000000001,290.18499999999995,805.3025,15.5625,0.9375,0.06250000000000003,55.1875,19.0625,13.4375,0.375,89.25000000000006,43.75,96.625,1064.8749999999995,95.51416666666664,2.970416666666576,1579.819583333333,736.0745833333333,501.1154166666666,15.40375,2426.9625000000005,1595.9808333333328,2182.0808333333325,1283.275,151.77499999999998,5.193749999999909,1658.33875,850.7237500000001,565.11375,17.473749999999995,2484.6075,1663.81,2240.3025,1199.65,101.14999999999998,3.193749999999909,1599.40125,754.7862500000001,511.98875,16.723749999999995,2449.1075,1634.4975,2197.365,16.25,1.1875,0.1875,22.875,16.125,9.5,0.25,31.6875,22.0,14.562499999999886,A
194.4854166666666,10.779142156862786,-0.33394607843137253,660.655661764706,306.4992401960785,235.0463480392157,5.638235294117658,972.6381127450978,635.4161029411764,1126.154681372549,668.9437499999999,39.29875000000004,0.28125,1651.25125,914.77375,632.30125,14.300000000000011,2446.73125,1575.90875,2247.82625,101.94374999999992,5.298750000000041,-0.34375,479.00125,188.6487500000001,176.55124999999998,5.050000000000011,622.85625,526.53375,1297.07625,25.875,1.75,0.125,79.5,33.6875,22.437499999999986,0.5000000000000002,134.0625,67.3125,131.43749999999994,1402.3512500000004,193.86875000000006,4.64375,1790.0562499999996,1089.7412499999998,711.5004166666665,26.625000000000018,2568.156250000001,1810.172916666667,2340.6620833333336,1546.81875,316.29875000000004,7.65625,1840.75125,1201.77375,782.42625,31.55000000000001,2595.98125,1846.65875,2372.07625,1515.50625,203.29875000000004,5.09375,1802.18875,1112.14875,724.86375,28.36250000000001,2575.98125,1827.65875,2348.63875,25.3125,2.375,0.1875,13.187500000000114,18.874999999999943,10.125,0.375,12.9375,16.062500000000227,8.5,A
97.51786764705894,4.647352941176457,-0.34852941176479685,437.61776960784294,163.70776960784323,128.55950980392143,3.2886519607843114,627.6527696078431,393.05718137254894,801.4785049019606,347.7237500000001,17.889999999999986,-0.0250000000000909,1288.19375,517.40875,372.5349999999999,8.658749999999998,2021.47875,1129.85375,1914.09125,50.22375000000011,2.0149999999999864,-0.4000000000000909,248.9437499999999,100.03375000000004,90.15999999999984,2.9087499999999977,267.72875,261.85375,674.71625,15.3125,0.9375,0.06250000000000003,52.1875,18.0,12.3125,0.4375,88.5,41.0625,88.75,1037.4537500000004,87.96249999999998,2.3116666666665755,1535.9570833333337,714.5412500000002,473.87583333333333,15.112916666666667,2436.144583333334,1554.3762499999998,2138.29375,1252.22375,140.265,3.974999999999909,1611.94375,824.53375,534.2849999999999,17.283749999999998,2497.22875,1625.72875,2196.71625,1166.53625,93.14,2.599999999999909,1554.38125,733.40875,483.4724999999999,16.283749999999998,2462.22875,1598.04125,2155.34125,15.5625,1.125,0.1875,20.6875,15.0625,8.624999999999972,0.3125,34.375,22.000000000000114,16.374999999999773,A
65.58301470588246,3.5843872549019973,-0.7407598039215141,353.43149509803914,138.1958333333333,114.42078431372552,2.5455637254901857,486.98134803921573,316.6849509803921,682.8888970588235,230.1712500000001,12.741250000000036,0.0337500000000545,1090.81875,415.2375,317.71000000000004,6.51124999999999,1629.86125,950.5575,1698.27125,34.7962500000001,1.8662500000000364,-0.8412499999999454,196.9437499999999,92.86249999999995,84.96000000000004,2.1362499999999898,215.98624999999996,194.5574999999999,531.89625,10.125,0.6875,0.1875000000000001,41.4375,13.8125,10.0,0.3125,67.0,33.5,73.4375,790.8154166666668,55.8829166666667,2.0387500000000545,1382.7445833333338,568.9066666666669,400.9425,11.03624999999999,2134.7529166666664,1435.7866666666662,1947.3029166666663,1018.67125,86.86625000000004,4.408750000000055,1469.81875,664.6125,453.835,12.51124999999999,2211.48625,1520.1825,2022.77125,882.7962500000001,59.42875000000004,2.1587500000000546,1402.63125,580.425,408.21,11.76124999999999,2167.54875,1490.995,1964.83375,11.0,0.75,0.1875,23.6875,12.062499999999972,7.375,0.25,38.6875,22.874999999999943,19.062499999999886,A
81.27879901960785,3.888382352941181,-0.4067156862745735,371.7795098039217,143.29987745098043,106.94372549019619,2.910024509803917,547.5873774509803,342.5666421568628,717.0606372549018,289.15625,14.682500000000005,-0.1175000000000636,1167.005,438.9812500000001,313.5050000000001,7.5987499999999955,1842.89375,1022.83625,1805.8425,42.65625,1.6825000000000043,-0.4925000000000636,193.2550000000001,95.10625000000005,74.63000000000011,2.4737499999999955,235.01874999999995,213.8362500000001,545.5925,12.75,0.6875,0.06250000000000003,46.125,14.75,10.25,0.3125000000000002,77.25,36.5,78.125,926.98875,71.08416666666666,1.9583333333332698,1468.981666666667,616.3937499999998,413.6333333333335,12.713749999999997,2379.815416666666,1497.1954166666665,2069.2108333333335,1150.78125,112.1825,3.632499999999936,1554.13,721.48125,470.2550000000001,14.348749999999995,2457.64375,1579.83625,2140.3425,1042.03125,75.5575,2.1324999999999363,1490.755,632.60625,422.6925000000001,13.661249999999995,2415.89375,1550.14875,2089.2175,13.25,0.875,0.06250000000000003,24.5,13.124999999999972,7.875,0.3125,41.937500000000114,23.250000000000114,19.812499999999886,A
76.91583333333331,3.576200980392175,-0.44367647058828985,350.2419852941176,135.35436274509803,87.27519607843122,-0.7842892156862756,526.4677450980392,328.78379901960795,708.4058088235295,273.2075,13.698750000000018,0.1224999999999454,1123.52875,421.0725,275.65999999999985,0.0637499999999988,1796.105,989.03625,1800.00875,40.08249999999998,1.3237500000000182,-0.5025000000000546,172.15374999999997,86.57249999999999,52.909999999999854,-0.9362500000000012,216.605,203.0362500000001,524.63375,11.9375,0.625,0.06250000000000003,44.9375,14.25,9.5625,0.18749999999999983,75.5,35.0625,77.4375,908.9433333333337,68.09875,1.431666666666612,1460.674583333333,615.5000000000002,394.01166666666654,0.5745833333333322,2368.3,1487.9720833333338,2093.8404166666674,1151.2075,109.57375000000002,2.747499999999945,1538.40375,704.9475,443.2849999999999,1.3137499999999989,2444.98,1577.91125,2156.75875,1018.27,71.82375000000002,1.6224999999999454,1483.77875,630.76,403.5974999999999,0.6887499999999989,2410.23,1551.47375,2115.69625,12.6875,0.875,0.06250000000000003,24.25,12.25,7.5625,0.18750000000000006,41.68749999999977,22.625000000000227,19.0,A
113.28862745098043,6.379583333333319,0.2953186274509531,458.73161764705884,193.25850490196072,166.50718137254904,8.918602941176466,709.7064215686274,435.374411764706,867.7992156862747,382.095,21.421249999999983,0.7487499999999727,1315.1875,572.1212499999999,429.42875,16.661249999999995,2088.1525,1186.72,1972.26,65.09500000000003,3.6712499999999855,0.2487499999999727,271.5625,132.49624999999992,131.42875000000004,8.786249999999995,376.0274999999999,320.72,798.76,15.4375,0.875,0.1875,53.1875,19.125,13.3125,0.5,89.99999999999994,42.75,94.0625,1055.6633333333334,92.77208333333331,2.926249999999973,1550.85,740.9354166666666,531.19375,26.19875,2423.8258333333333,1581.4299999999998,2164.7166666666676,1262.22,146.04625,4.248749999999973,1619.1875,842.1212499999999,585.92875,29.661249999999995,2475.5275,1647.345,2215.01,1179.9075,97.92125,3.1237499999999727,1568.1875,758.1212499999999,540.74125,27.536249999999995,2444.7775,1622.22,2178.885,15.625,1.125,0.06250000000000006,19.875,14.5,8.562500000000028,0.375,27.8125,20.625000000000114,14.187500000000114,A
156.309705882353,8.758406862745135,0.2937500000000454,577.6299754901961,257.89590686274516,186.5494117647059,4.485931372549018,865.4713725490196,535.0476715686276,1031.2991176470587,518.6700000000001,29.61625000000004,0.6687500000000455,1482.06625,748.0037500000001,504.145,11.2825,2290.665,1390.24375,2120.505,90.79500000000009,4.866250000000036,0.2937500000000455,417.5662500000001,180.12875000000008,143.39499999999998,4.282499999999999,523.915,410.6187500000001,1129.505,19.875,1.25,0.06250000000000004,64.0625,25.1875,17.0,0.4375,111.25,54.5625,113.62499999999994,1216.555,130.28041666666667,3.7020833333333787,1632.0520833333335,898.0570833333335,573.1491666666666,19.2325,2475.198333333334,1690.7162499999997,2240.855000000001,1385.67,206.86625000000004,5.7937500000000455,1691.06625,1010.62875,639.02,22.9075,2511.29,1737.99375,2279.88,1347.1075,137.24125000000004,4.0437500000000455,1645.31625,916.75375,586.2075,19.9075,2486.1025,1716.18125,2251.0675,19.9375,1.5625,0.1875,14.812499999999886,16.374999999999886,8.8125,0.375,17.8125,18.687499999999773,10.25,A
84.74995098039211,5.53316176470585,0.6726470588235931,352.1839215686276,147.68345588235297,108.62485294117633,3.2147303921568504,603.5562990196079,370.54759803921536,771.9978676470587,287.12249999999995,17.378749999999968,1.0550000000000637,1103.13,446.5437500000001,310.99249999999984,7.7637499999999875,1859.68375,1030.5524999999998,1809.95375,48.622499999999945,3.503749999999968,0.6800000000000637,183.6300000000001,100.04375000000005,79.36749999999984,3.0137499999999875,314.5587499999999,268.1774999999998,676.7037499999999,11.75,0.75,0.06250000000000006,43.4375,14.875,10.125,0.375,75.00000000000006,35.75,80.9375,883.0649999999996,70.3945833333333,3.1666666666667305,1403.334166666667,602.7012499999998,396.71499999999986,12.932083333333324,2298.6945833333334,1445.965,2013.3287499999997,1106.7475,110.00374999999995,4.680000000000064,1475.005,688.16875,440.74249999999984,14.888749999999987,2360.30875,1517.5524999999998,2065.45375,983.6225,74.12874999999997,3.430000000000064,1422.9425,614.66875,403.49249999999984,13.638749999999987,2329.05875,1496.3024999999998,2028.39125,12.25,0.875,0.06250000000000022,23.125,12.374999999999972,7.1875,0.3125,33.750000000000114,20.375,15.437499999999886,A
90.38840686274503,5.179877450980433,-0.23208333333339695,416.85171568627453,170.79676470588237,113.02419117647044,0.1928186274509895,672.154681372549,402.7925490196078,841.2323774509803,308.1212499999999,17.73625000000004,-0.0237500000000636,1203.3125,495.385,330.5462499999999,4.896250000000009,1960.45125,1081.795,1882.28875,51.24624999999992,2.986250000000041,-0.2737500000000636,250.6875,120.385,80.29624999999987,-0.3537499999999909,390.7012500000001,310.1700000000001,796.2887499999999,12.75,1.0,0.0625,47.1875,16.3125,11.1875,0.625,79.5,37.125,84.375,925.0112499999998,74.94458333333337,1.467916666666603,1461.1608333333334,649.0258333333335,420.71708333333316,11.357916666666675,2341.442083333334,1497.4958333333334,2076.942083333334,1145.74625,118.23625000000004,2.4762499999999363,1529.0625,738.51,469.5462499999999,13.896250000000007,2398.82625,1571.92,2129.66375,1032.74625,78.98625000000004,1.6012499999999363,1479.625,664.51,427.4837499999999,12.083750000000007,2366.82625,1546.92,2091.47625,12.9375,0.875,0.06250000000000006,19.5625,11.9375,7.125,0.25,29.1875,19.6875,14.124999999999886,A
63.797254901960855,2.7468382352941223,0.25737745098041936,294.3447794117647,133.07475490196077,96.81154411764713,2.11507352941177,422.80887254901955,235.3764950980393,597.1510294117647,233.53500000000008,10.276250000000005,0.8137500000000273,1000.77125,402.6875,286.0762500000001,5.806250000000006,1541.5025,803.0137500000001,1596.2025,31.53500000000008,1.1512500000000043,0.1887500000000272,130.27125,87.8125,66.82625000000007,1.8062500000000057,148.37750000000003,108.88875000000009,409.3275000000001,10.3125,0.5000000000000009,0.06250000000000004,40.25,13.4375,9.5625,0.5625,65.75,30.5625,68.8125,792.9191666666669,53.09791666666667,2.630416666666694,1341.5287500000002,533.39,375.38375,9.922083333333338,2159.3433333333332,1341.5595833333334,1887.6350000000004,1030.16,86.27625,3.9387500000000273,1420.14625,611.4375,418.2012500000001,11.306250000000006,2244.0025,1443.63875,1953.7025,881.8475000000001,55.838750000000005,2.8137500000000277,1364.52125,546.625,382.7637500000001,10.556250000000006,2207.315,1418.63875,1909.14,10.6875,0.6875,0.18749999999999983,24.687499999999886,10.5,6.9375,0.1875,43.25000000000023,23.1875,20.062500000000114,A
97.33392156862742,5.900147058823556,-0.7058088235293299,455.4560294117647,189.86438725490197,143.33049019607842,3.017867647058819,649.6743872549021,408.5729901960785,816.2012254901958,337.655,19.282500000000027,0.0662500000000818,1318.0075,578.39625,411.355,8.223749999999995,2019.70625,1199.0975,1925.3875,52.15499999999997,3.4075000000000277,-0.8087499999999181,264.63249999999994,123.27125,101.10500000000002,2.4737499999999955,293.33124999999995,249.72250000000008,700.2625,14.375,0.8125,0.0625,53.375,20.125,13.875,0.4375,88.9375,45.125,89.5625,981.0816666666667,79.06333333333338,1.7704166666667485,1509.7258333333336,697.6637499999998,468.3908333333333,13.422916666666667,2351.4045833333325,1631.7508333333335,2110.4241666666676,1183.405,118.90750000000004,3.316250000000082,1602.7575,832.14625,544.855,14.973749999999995,2416.83125,1706.8475,2186.5125,1100.7175,84.72000000000003,2.066250000000082,1530.195,719.02125,480.855,14.286249999999995,2371.95625,1669.5975,2128.8875,14.5,1.125,0.1875,19.999999999999886,14.75,8.375,0.375,30.25,24.249999999999886,16.124999999999886,A
160.51585784313718,10.231764705882403,-0.6357107843138255,611.4294607843137,305.7911029411766,224.71215686274525,4.53529411764707,866.6217156862743,543.6339215686274,1001.45306372549,542.4962499999999,33.94500000000005,0.1412499999998999,1515.5275,875.15875,598.4450000000002,11.800000000000011,2249.7075,1429.58,2065.04375,87.74624999999992,5.82000000000005,-0.7337500000001,469.7774999999999,210.53375000000003,172.32000000000016,3.9250000000000114,527.3325,406.3299999999999,1106.54375,21.5625,1.4375,0.1875,70.3125,30.625,21.6875,0.4375000000000002,117.75,57.9375,107.5,1240.2254166666664,141.68000000000004,3.3895833333332335,1599.8833333333332,963.100416666667,620.1750000000001,20.75250000000001,2370.878333333333,1691.0491666666667,2157.4604166666672,1397.49625,217.32000000000005,5.7662499999999,1673.4025,1109.90875,711.4450000000002,23.55000000000001,2411.3325,1738.08,2205.91875,1361.93375,150.82000000000005,3.7662499999999,1616.4025,989.40875,637.5075000000002,22.42500000000001,2380.145,1708.7675,2168.85625,20.9375,1.6875,0.12500000000000003,12.000000000000114,16.625,8.5625,0.5,14.125000000000227,18.125,10.25,A
184.95512254901968,12.236789215686233,-0.6940931372549656,686.1589950980393,334.02862745098037,246.49039215686295,5.085514705882365,967.6120833333331,596.7749509803922,1082.670367647059,613.5237500000001,39.63874999999996,0.0387499999999363,1587.04625,955.71,643.8850000000002,13.048750000000013,2363.77875,1515.2725,2121.3762500000003,103.64875000000006,7.138749999999959,-0.7112500000000637,586.7962500000001,223.96000000000004,192.88500000000025,4.4237500000000125,651.27875,459.6475,1258.75125,23.375,1.6875,0.1875,75.6875,34.87500000000003,23.6875,0.4375000000000002,131.125,64.56250000000003,116.25,1297.1004166666664,160.26874999999998,3.437916666666603,1633.6195833333331,1003.2291666666669,638.2725000000003,22.560416666666676,2445.2120833333333,1729.9766666666662,2185.7279166666676,1438.14875,242.01375,5.663749999999936,1712.42125,1168.21,743.0100000000002,25.298750000000013,2486.77875,1774.2725,2236.6262500000003,1399.96125,171.38874999999996,3.9762499999999363,1652.92125,1035.3975,660.0100000000002,24.298750000000013,2454.52875,1743.585,2198.3762500000003,22.8125,1.9375,0.24999999999999997,10.125000000000114,16.375,8.5,0.3125,11.124999999999773,16.4375,8.25,A
81.62416666666664,5.301421568627396,-0.6344852941177471,426.07463235294136,163.8225,126.4080147058825,2.680612745098046,607.9320588235294,354.6046568627452,752.2667156862746,281.5825,16.872499999999945,0.0787499999998999,1218.61875,497.5725,355.12125000000015,7.148750000000007,1915.91,1026.0875,1781.3525,44.45749999999998,3.122499999999945,-0.6712500000001,258.9937500000001,106.1975,93.24625000000016,2.273750000000007,281.2850000000001,229.9625000000001,639.8525,11.875,0.6875000000000009,0.1875000000000001,47.3125,17.0625,11.749999999999972,0.375,80.81250000000006,36.6875,78.25,882.8916666666671,68.43666666666662,1.4970833333332332,1437.902083333333,630.6425000000002,417.63875000000013,12.342083333333342,2335.818333333333,1458.613333333333,1997.1241666666674,1102.7075,104.99749999999996,2.7037499999999,1520.24375,737.8225,475.99625000000015,13.898750000000009,2402.535,1533.4625,2063.3525,987.02,72.55999999999995,1.7662499999999,1455.80625,646.8225,426.43375000000015,13.211250000000009,2362.2225,1504.275,2013.7275,12.375,0.875,0.1875,19.75,12.75,7.25,0.2500000000000009,33.874999999999886,21.25,16.5,A
90.04796568627448,6.781642156862727,-0.4390931372548565,446.407181372549,172.83102941176463,134.99752450980415,3.0021078431372423,628.7155882352939,377.9279656862745,766.8785539215688,312.88375,19.926249999999985,0.2937500000000455,1280.57875,536.7574999999999,386.6862500000002,7.9824999999999875,1995.87,1109.63875,1853.99375,48.13374999999997,4.426249999999982,-0.5812499999999545,265.3287499999999,109.38249999999994,96.4362500000002,2.4824999999999875,271.9949999999999,236.13875000000007,625.6187500000001,13.5625,0.9375,0.1875,51.25,18.68750000000003,13.125,0.5,87.18749999999994,40.4375,82.9375,936.2520833333332,76.74958333333333,1.9545833333333789,1462.3095833333334,654.2683333333331,433.12458333333353,13.044999999999991,2357.291666666666,1524.54375,2039.2245833333334,1137.63375,114.30124999999998,3.293750000000045,1557.45375,786.3824999999999,508.4362500000002,14.357499999999987,2426.37,1596.51375,2116.86875,1051.32125,82.23874999999998,2.168750000000045,1482.32875,674.3824999999999,444.8112500000002,13.732499999999987,2378.62,1561.26375,2057.61875,13.75,0.9375,0.1875,19.374999999999886,14.1875,7.6875,0.5625,32.375,22.8125,16.937499999999773,A
69.40950980392158,2.4304166666666256,-0.5582107843137255,333.5107352941176,141.98051470588229,103.13330882352933,2.1713480392156965,472.61816176470575,261.32710784313707,623.918725490196,243.885,10.13874999999996,-0.03125,1062.0475,418.3187499999999,297.4862499999999,5.67625000000001,1638.21375,849.8074999999999,1633.23,37.00999999999999,0.6387499999999591,-0.65625,170.6724999999999,98.69374999999992,73.48624999999993,1.6762500000000102,194.0887499999999,133.3074999999999,438.23,10.5625,0.75,0.0625,41.25,13.625,9.75,0.25,67.87499999999994,31.8125,68.0,829.9674999999999,55.86291666666663,1.5420833333333333,1406.3491666666669,562.3654166666665,395.77875,10.281250000000009,2260.400416666666,1392.6399999999996,1939.504166666667,1071.51,91.38874999999996,3.09375,1489.2975,649.1937499999999,443.8612499999999,11.67625000000001,2347.46375,1494.6825,2010.105,926.1975,58.95124999999996,1.71875,1430.5475,576.7562499999999,404.0487499999999,11.17625000000001,2307.96375,1466.1825,1963.0425,11.3125,0.75,0.0625,24.874999999999886,11.0,7.1875,0.1875,43.4375,23.687499999999943,20.124999999999773,A
127.11539215686275,6.578014705882344,0.5046078431371549,498.00436274509804,229.14647058823527,160.00808823529405,3.5244362745098075,755.186887254902,420.0373284313726,899.821495098039,438.135,22.29124999999999,1.1099999999999,1411.2225,679.72,459.9124999999999,8.933750000000003,2188.59375,1232.71625,2023.58375,69.00999999999999,3.541249999999991,0.3599999999998999,291.3475000000001,150.59500000000003,111.91249999999992,3.0587500000000034,384.34375,251.46624999999997,832.33375,17.9375,1.0,0.06250000000000003,59.0,23.4375,15.6875,0.3125,99.875,47.24999999999997,100.3125,1173.3633333333332,111.13375,4.166666666666567,1643.5258333333336,850.7525000000002,564.2274999999998,16.61375,2469.2295833333333,1666.904583333333,2210.7487499999993,1376.135,180.54125,6.2349999999999,1710.2225,964.095,628.0374999999999,19.433750000000003,2514.34375,1735.34125,2259.20875,1312.76,116.91625,4.6099999999999,1660.4725,871.0325,575.8499999999999,17.683750000000003,2486.34375,1710.46625,2224.95875,18.1875,1.375,0.1875,19.874999999999886,16.000000000000114,9.5625,0.3125,25.5,24.3125,13.874999999999545,A
69.51833333333327,4.687671568627414,-0.19409313725496563,329.96453431372555,120.57156862745104,92.18193627450972,1.9669852941176436,468.8645098039216,273.1251715686275,630.7947058823528,242.30999999999997,13.133749999999964,0.2887499999999363,1056.12875,377.9000000000001,279.71624999999995,5.503749999999997,1645.965,863.57125,1646.03,37.684999999999945,3.008749999999964,-0.2112500000000636,167.25375000000008,78.77500000000009,62.966249999999945,1.6287499999999966,188.46499999999992,150.07124999999996,447.03,10.5625,0.6875,0.0625,41.0625,12.75,9.375000000000007,0.25,68.87500000000006,31.4375,69.3125,826.358333333333,58.55541666666663,2.2862499999999364,1405.4770833333334,537.7891666666668,378.43291666666664,9.84208333333333,2282.070833333333,1389.6445833333332,1949.7325,1067.935,93.13374999999996,3.788749999999936,1488.87875,625.2750000000001,426.34125,11.253749999999997,2370.34,1488.69625,2022.03,922.185,61.69624999999997,2.4137499999999363,1429.94125,551.5875000000001,386.40375,10.566249999999997,2330.2775,1460.88375,1972.03,11.25,0.7500000000000036,0.125,24.937499999999886,11.1875,6.9375,0.1875,44.812500000000114,22.8125,20.499999999999886,A
58.920980392156906,3.861029411764729,0.4109313725490014,271.784656862745,93.32267156862741,79.36078431372557,1.9699999999999989,407.98487745098026,248.1974754901961,570.1807843137257,203.59500000000003,10.662500000000025,0.8324999999999818,923.5175,305.51874999999995,241.6500000000001,5.219999999999999,1464.41625,790.00875,1543.345,32.47000000000003,2.4125000000000227,0.3324999999999818,126.26749999999991,56.89374999999996,54.02500000000009,1.7199999999999989,164.91625,137.13374999999996,385.97,9.125,0.4375000000000009,0.0625,36.5,10.8125,8.000000000000007,0.25,60.4375,28.5625,62.75,746.0733333333335,48.581666666666706,2.9399999999999817,1336.2608333333333,484.28375000000017,334.6533333333335,3.9524999999999983,2211.5679166666673,1340.5337499999998,1894.1491666666666,1002.22,78.16250000000002,4.457499999999982,1422.6425,560.26875,386.7750000000001,8.469999999999999,2317.54125,1453.00875,1968.72,827.595,50.85000000000002,3.144999999999982,1366.08,497.14375,341.0875000000001,4.282499999999999,2278.10375,1426.57125,1920.9075,9.8125,0.625,0.06250000000000011,26.062499999999943,9.9375,6.3125,0.1875,45.812500000000114,21.8125,22.125000000000114,A
58.679509803921555,3.1218382352941223,-0.22183823529414493,269.7623529411766,97.30828431372557,83.73960784313707,1.9954656862745213,412.1780882352941,250.0904411764705,572.0927696078431,205.655,10.276250000000005,0.1237499999999727,925.005,314.9725000000001,250.0949999999998,5.456250000000011,1485.2075,797.8625,1551.66875,31.154999999999973,1.6512500000000043,-0.2512500000000273,122.50500000000012,59.84750000000008,58.0949999999998,1.5812500000000114,160.45749999999998,140.11249999999995,384.6687500000001,9.25,0.5000000000000009,0.18749999999999983,36.8125,11.0625,8.1875,0.375,62.0,28.75000000000003,63.375,738.7716666666664,49.10375,1.947083333333306,1307.2183333333337,475.4808333333334,344.00083333333316,9.335416666666676,2167.480833333333,1316.7408333333333,1855.7295833333342,976.905,77.90125,3.2487499999999727,1395.505,555.0975000000001,387.9699999999998,10.581250000000011,2265.5825,1417.9875,1932.16875,822.03,51.963750000000005,2.1237499999999727,1333.6925,488.1600000000001,351.5949999999998,10.081250000000011,2222.645,1389.3625,1878.54375,9.8125,0.6875,0.06250000000000006,25.625000000000057,9.875,6.3125,0.1875,44.62500000000023,21.687500000000114,20.937499999999886,A
74.18254901960779,3.787009803921614,-0.3572549019608116,327.0903676470589,119.80414215686274,91.64183823529396,0.12764705882352032,496.92495098039217,311.8527205882353,667.0820098039214,262.30999999999995,13.262500000000044,0.0299999999999727,1085.17125,388.94875,292.7962499999999,3.634999999999991,1729.1725,958.05125,1737.8075,39.309999999999945,1.7625000000000457,-0.3450000000000273,150.4212500000001,72.57375000000002,60.29624999999987,-0.4900000000000091,202.2974999999999,183.42625,468.1824999999999,11.624999999999943,0.625,0.06250000000000004,43.375,13.750000000000014,10.3125,0.25,72.74999999999994,34.125,75.5,890.2316666666662,64.70750000000004,1.7891666666666395,1462.8679166666664,590.9954166666668,411.34374999999983,9.792499999999992,2344.006666666666,1488.5520833333337,2041.534166666666,1143.185,104.51250000000005,3.1549999999999727,1542.29625,676.94875,457.7962499999999,12.009999999999993,2425.1725,1586.67625,2106.3075,994.81,68.13750000000005,2.0924999999999727,1488.79625,606.51125,420.1712499999999,10.759999999999993,2390.735,1561.05125,2064.245,12.1875,0.8125,0.1875,26.750000000000114,12.375,7.75,0.3125,44.374999999999886,23.625,20.3125,A
71.56318627450987,4.951323529411805,0.5130147058822893,333.0290441176471,125.90629901960793,93.98965686274495,2.2137009803921637,482.0848774509804,282.02448529411765,640.3567156862747,243.84750000000008,14.01750000000004,0.9762499999999364,1051.66875,392.15875000000005,281.34749999999985,5.961250000000007,1658.39125,877.81125,1660.8175,39.72250000000008,3.142500000000041,0.4762499999999363,173.66875000000005,81.03375000000005,65.47249999999985,1.8362500000000068,199.2662499999999,160.93624999999997,460.1925000000001,10.625,0.6875,0.06250000000000006,40.37499999999997,13.25,9.25,0.625,68.56250000000006,31.3125,69.375,835.6000000000003,60.7891666666667,2.9445833333332696,1400.3395833333336,549.7879166666669,383.10499999999985,10.665416666666676,2283.10625,1423.54625,1972.2516666666675,1081.5975,96.39250000000004,4.101249999999936,1481.79375,636.90875,430.2224999999999,12.336250000000009,2368.51625,1527.06125,2041.3175,932.2225,64.08000000000004,3.2262499999999363,1424.54375,563.97125,391.9099999999999,11.398750000000009,2331.01625,1499.06125,1996.255,11.375,0.75,0.1875000000000009,24.312499999999886,11.1875,6.9375,0.1875,43.062499999999886,22.812499999999886,20.75,A
214.14360294117645,13.478602941176526,-0.5573039215685274,720.2610049019606,387.29161764705884,267.6208823529412,5.494044117647052,1031.5743382352944,641.8576715686274,1151.3468627450984,712.38625,44.346250000000055,-0.0474999999998999,1672.24875,1059.2475,697.29,14.383749999999992,2469.85375,1624.42875,2245.815,119.01125000000002,7.721250000000055,-0.6724999999999,620.74875,277.74749999999995,208.915,4.758749999999992,739.47875,494.17875,1370.065,26.25,1.9375,0.06250000000000003,84.125,38.49999999999997,26.3125,0.5,143.0625,71.93750000000003,128.9375,1375.1995833333328,183.21541666666664,4.1900000000001,1712.5012500000003,1072.8799999999997,680.8125,24.91791666666666,2534.187083333334,1825.7412499999991,2296.09,1501.38625,275.84625000000005,6.5775000000001,1794.12375,1256.8725,801.915,27.883749999999992,2575.97875,1871.42875,2347.69,1459.01125,196.47125000000003,4.8275000000001,1735.18625,1117.4975,707.7275,26.821249999999992,2544.91625,1838.92875,2310.3775,25.4375,2.25,0.18749999999999997,10.062499999999886,16.3125,9.125,0.625,10.0625,16.25,8.000000000000227,B
55.47308823529417,2.7889215686274644,0.5583823529411401,245.7043382352942,86.83198529411774,74.35455882352939,1.4403186274509918,354.3034313725489,231.25450980392156,519.241299019608,185.87750000000003,7.985000000000014,1.3524999999999636,847.3587500000001,287.4937500000001,233.0825,4.893750000000011,1301.6,746.855,1447.36875,31.75250000000005,1.4850000000000136,0.4774999999999636,113.7337500000001,51.74375000000009,50.70749999999998,1.1437500000000114,135.5999999999999,125.10500000000002,326.6187500000001,8.25,0.375,0.06250000000000001,33.125,10.125,7.75,0.3125,55.0625,26.75,60.0625,710.3133333333336,44.034166666666664,4.063333333333297,1295.2804166666667,475.67458333333343,348.73,9.220416666666676,2079.9483333333333,1318.1666666666663,1820.6712499999996,977.2525,73.98500000000001,6.227499999999964,1384.73375,547.2437500000001,388.8325,10.643750000000011,2192.225,1439.605,1897.49375,784.69,45.922500000000014,4.227499999999964,1329.67125,489.5562500000001,357.3325,10.018750000000011,2154.35,1413.4175,1850.43125,9.125,0.5625,0.1875,26.25000000000017,9.625,6.374999999999986,0.1875,44.9375,21.625,22.312499999999773,B
111.30669117647048,5.782843137254856,0.30848039215693546,439.3385294117647,185.31424019607826,145.7346078431374,3.286544117647069,672.947524509804,411.76009803921573,830.1979166666666,391.3287499999999,19.924999999999955,0.8575000000000728,1318.265,592.8387499999999,430.71500000000015,8.55125000000001,2035.01125,1190.515,1918.40625,57.4537499999999,2.9249999999999545,0.2325000000000727,228.6400000000001,107.71374999999988,97.84000000000016,2.9262500000000102,314.01125,263.3900000000001,744.90625,16.625,0.875,0.1875,55.375,21.4375,14.75,0.375,91.8125,44.4375,91.9375,1084.0979166666666,94.41166666666659,3.9025000000000727,1547.605833333333,766.3770833333333,523.4866666666667,14.85625000000001,2331.937916666667,1594.8383333333331,2106.89125,1285.95375,149.42499999999995,5.857500000000073,1622.64,882.8387499999999,587.8400000000001,16.92625000000001,2382.76125,1661.14,2161.53125,1213.76625,99.92499999999995,4.232500000000073,1565.265,787.4012499999999,535.2150000000001,15.92625000000001,2350.19875,1632.8275,2122.65625,16.625,1.1875,0.1875,21.250000000000114,16.5625,9.75,0.3125,27.312499999999773,22.750000000000114,15.125,B
212.76708333333326,12.411053921568632,-1.0224509803921387,726.7277696078431,389.46379901960785,281.03232843137243,5.6568627450980395,1027.5648284313727,648.0943872549021,1149.1364215686274,710.6837499999999,43.651250000000005,-0.1449999999999818,1678.55375,1065.84125,710.9612499999998,14.625,2469.49375,1597.25125,2220.5825,118.68374999999992,6.6512500000000045,-1.1449999999999818,635.55375,273.09124999999995,226.83624999999984,5.0,721.7437500000001,534.00125,1386.9575,26.1875,1.8125,0.0625,87.5,39.24999999999997,27.125,0.5625,145.93750000000006,73.0,133.0,1368.1704166666664,183.72041666666658,3.5125000000000184,1716.6304166666664,1091.854583333333,690.1429166666666,25.093333333333334,2533.0820833333332,1777.0537499999996,2270.709166666666,1493.30875,279.02625,6.105000000000018,1791.80375,1259.96625,801.8362499999998,28.125,2571.24375,1818.00125,2317.5825,1453.68375,196.52625,4.105000000000018,1737.42875,1131.34125,717.3987499999998,26.875,2542.49375,1788.87625,2283.52,25.187500000000114,2.25,0.1875,9.4375,16.0625,8.375,0.4375,9.874999999999773,14.875000000000114,7.250000000000227,B
147.57200980392145,7.615147058823474,0.1763480392157772,553.4806372549019,255.74762254901967,185.91637254901977,4.184019607843128,806.6026225490198,456.8683088235294,930.4026470588237,499.6724999999999,25.872499999999945,1.056250000000091,1470.8875,760.0662500000001,521.2350000000001,10.634999999999993,2215.2962500000003,1300.09625,2022.41,81.1724999999999,3.9974999999999454,0.0562500000000909,362.6375000000001,162.81625000000008,131.86000000000013,3.634999999999991,444.0462500000001,291.47125000000005,926.41,19.8125,1.375,0.1875,63.875,26.8125,18.25,0.375,105.87500000000006,50.0,99.0,1205.7383333333332,120.75499999999995,4.492083333333424,1625.184166666667,884.5154166666669,590.6391666666668,18.85666666666666,2411.650416666667,1658.610416666667,2166.1225,1383.1725,193.49749999999997,6.681250000000091,1687.1375,999.19125,655.2350000000001,21.88499999999999,2449.2962500000003,1713.84625,2207.785,1337.36,127.12249999999996,4.806250000000091,1639.2625,906.87875,602.4225000000001,20.19749999999999,2423.6087500000003,1689.84625,2177.66,19.625,1.437500000000007,0.125,15.874999999999886,16.249999999999886,9.3125,0.3125,19.4375,22.3125,12.375,B
209.9346813725491,11.403137254901907,-0.3349754901960875,658.9186764705883,336.4063480392158,237.15031862745118,5.811568627450967,1009.8339950980395,603.2285784313724,1142.063676470588,701.85625,40.559999999999945,0.2287499999999909,1634.8525,953.78625,640.7287500000002,14.764999999999986,2455.22125,1513.9074999999998,2230.2475,116.98125000000005,5.684999999999945,-0.3962500000000091,482.6025,229.5362500000001,175.72875000000022,5.139999999999986,697.84625,486.7824999999998,1359.8725,26.125,1.9375,0.125,78.625,34.0625,23.312499999999986,0.5,136.5625,62.625,132.875,1396.5754166666666,191.86333333333334,4.558749999999991,1753.4408333333338,1083.3120833333337,698.0287500000003,26.922499999999978,2555.81875,1737.870833333333,2305.5533333333333,1529.10625,306.68499999999995,7.353749999999991,1809.3525,1207.66125,777.1037500000002,31.514999999999983,2585.59625,1775.5324999999998,2339.4975,1495.66875,202.43499999999997,4.978749999999991,1767.04,1108.47375,714.1037500000002,28.827499999999983,2563.28375,1753.3449999999998,2314.31,25.0,2.3125,0.125,12.6875,17.562500000000057,9.8125,0.375,11.312500000000227,16.124999999999773,8.249999999999773,B
93.49017156862742,4.886421568627433,-0.5295343137253993,415.5945098039215,149.86502450980396,123.35938725490212,3.259558823529423,637.1099754901961,387.9010539215686,810.668799019608,329.18625,17.582499999999982,-0.068749999999909,1247.695,478.67875,358.1412500000001,8.362500000000011,1995.54625,1098.51625,1886.92125,49.81124999999997,2.457499999999982,-0.568749999999909,228.19499999999996,91.30375000000004,87.26625000000013,2.862500000000012,302.0462500000001,268.0162499999999,716.0462500000001,14.0,0.9375,0.06250000000000003,50.4375,17.0,11.875,0.3125,84.6875,39.4375,89.125,1009.96625,84.91916666666667,2.0354166666667575,1525.539166666667,697.3245833333333,467.41458333333355,14.815833333333343,2412.987083333334,1527.9304166666668,2111.9487500000005,1240.18625,137.58249999999998,3.556250000000091,1596.07,792.92875,518.5162500000001,16.98750000000001,2471.9212500000003,1602.39125,2165.1712500000003,1132.99875,89.26999999999998,2.306250000000091,1545.07,715.55375,477.2662500000001,15.925000000000011,2441.1712500000003,1576.95375,2128.7962500000003,14.625,1.0625,0.06250000000000003,21.874999999999886,14.5,8.125,0.3125,33.562500000000455,21.562499999999886,15.500000000000114,B
122.85196078431376,7.9621568627451484,-0.39938725490205174,515.6381617647058,196.60431372549013,150.84823529411787,3.783333333333322,761.6041176470586,460.23786764705864,907.8664705882355,421.8250000000001,24.82000000000005,0.068749999999909,1398.23375,609.8199999999999,433.5100000000002,9.949999999999989,2180.935,1248.81875,2002.815,66.45000000000005,4.69500000000005,-0.4312500000000909,332.3587500000001,122.81999999999994,107.51000000000022,3.1999999999999886,395.31,335.4437499999999,883.815,17.25,1.0,0.06250000000000003,59.0,21.25000000000003,14.812500000000014,0.5,100.5,46.5,99.3125,1087.2391666666667,99.86250000000005,2.0570833333332423,1524.2612499999998,709.6641666666665,469.6750000000003,15.319166666666657,2409.8158333333336,1570.272916666667,2110.5308333333332,1261.075,148.07000000000005,3.318749999999909,1625.85875,867.3199999999999,559.7600000000002,16.69999999999999,2474.685,1631.94375,2188.44,1218.7,107.57000000000004,2.443749999999909,1546.54625,734.6324999999999,484.0725000000002,16.07499999999999,2426.1225,1593.75625,2130.065,17.3125,1.1875,0.25,16.875000000000114,15.9375,8.9375,0.3125,23.874999999999773,20.3125,12.687500000000227,B
166.28946078431377,11.94196078431369,0.21904411764715886,578.2246813725491,256.04355392156873,194.49718137254888,4.691862745098036,878.9441666666665,547.0511029411764,1013.7286519607843,569.5125,35.664999999999964,0.6087500000001,1503.14625,800.40875,552.0437499999998,12.284999999999997,2302.0275,1419.7937499999998,2096.22375,89.01250000000005,7.289999999999964,0.2337500000001,399.77125,151.78375000000003,138.16874999999982,3.9099999999999966,526.9024999999999,420.1687499999998,1110.47375,22.5,1.4375,0.06250000000000003,70.5,29.375,19.8125,0.5,119.8125,58.3125,110.875,1271.9766666666667,151.24,3.8245833333334334,1613.5579166666669,926.5429166666671,599.0220833333331,21.36,2439.2941666666666,1675.6329166666667,2190.5954166666675,1423.3875,235.54,5.7337500000001,1683.39625,1067.40875,683.2937499999998,24.16,2478.6525,1718.7937499999998,2235.47375,1388.8875,160.28999999999996,4.2962500000001,1627.64625,948.15875,611.4187499999998,22.8475,2447.7775,1693.4812499999998,2200.59875,22.1875,1.8125,0.1875,13.499999999999886,18.25,9.4375,0.4375,15.125,17.375,9.8125,B
228.20884803921552,13.557843137254947,-0.02448529411761979,729.0417156862746,348.9955392156863,262.1779656862746,6.275906862745089,1051.0786029411765,664.9118627450981,1194.8992892156862,764.0887499999999,46.950000000000045,0.4387500000000273,1695.6275,1013.7725,692.8887500000001,15.758749999999992,2484.69625,1585.38,2264.92625,126.83874999999988,7.450000000000045,-0.0612499999999727,627.6275,224.02250000000004,200.38875000000007,5.633749999999992,781.32125,591.5050000000001,1478.42625,28.5625,2.1875,0.1875,86.3125,36.93750000000003,25.375,0.5625,144.75,69.9375,139.5625,1459.8987499999996,231.90916666666678,4.934583333333361,1797.3775000000003,1187.2408333333335,762.1754166666667,30.530416666666653,2570.7179166666674,1772.690833333334,2337.049583333333,1582.58875,379.0750000000001,8.188750000000027,1843.7525,1298.2725,835.1387500000001,36.63374999999999,2594.44625,1803.255,2363.67625,1552.77625,243.13750000000005,5.376250000000027,1808.8775,1210.1475,777.1387500000001,32.82124999999999,2577.00875,1785.755,2343.67625,26.9375,2.8125,0.1250000000000001,10.312500000000227,18.6875,9.6875,0.4375,9.375,13.625,7.062500000000227,B
153.8972303921568,9.633014705882408,0.13686274509805738,544.8443872549021,238.7217892156863,181.83492647058836,4.680539215686284,849.4449509803922,499.55161764705895,982.3883578431373,519.69625,31.34625000000005,0.4800000000000182,1420.87625,743.62375,512.8937500000002,11.95750000000001,2226.4425,1292.0075000000002,2016.36875,85.32124999999996,5.471250000000055,0.1050000000000181,378.00125,146.12374999999997,131.01875000000018,4.08250000000001,535.1925000000001,394.25750000000016,1093.11875,21.062499999999886,1.4375,0.06250000000000004,63.625,26.5,17.750000000000014,0.5,107.5,50.625,102.9375,1239.4204166666664,144.36208333333337,4.041666666666685,1565.14125,932.5262499999998,596.5345833333337,21.763333333333343,2400.8908333333343,1561.5000000000002,2131.47875,1406.69625,229.72125000000003,6.480000000000018,1628.75125,1055.99875,669.6437500000002,25.08250000000001,2438.6925,1607.2575000000002,2173.49375,1372.13375,152.40875000000003,4.355000000000018,1580.37625,955.12375,609.7062500000002,23.58250000000001,2412.0675,1582.4450000000002,2142.68125,20.6875,1.75,0.1875,14.062500000000114,18.187499999999886,9.6875,0.3125,16.75,16.6875,10.062499999999773,B
76.24948529411776,3.0109313725490243,-0.07987745098041031,297.3991421568628,146.82647058823537,117.51480392156874,4.047475490196065,486.97325980392156,181.60046568627473,729.1227450980394,273.5362500000001,12.182500000000005,0.1137499999999818,918.04375,458.9000000000001,344.5050000000001,10.108749999999986,1590.07375,561.6862500000002,1721.76,38.41125000000011,0.9325000000000044,-0.1362500000000182,153.79375000000005,92.15000000000008,80.63000000000011,3.6087499999999855,205.19875,103.3112500000002,640.385,11.9375,0.6875,0.06250000000000004,36.8125,15.9375,11.5625,0.375,68.125,20.625,76.8125,888.7145833333337,69.17416666666666,2.442083333333315,1123.2395833333333,625.3108333333334,437.4825000000002,15.946249999999981,1967.2254166666671,845.5870833333337,1971.0291666666672,1116.53625,113.8075,4.488749999999982,1193.66875,716.2750000000001,489.8800000000001,17.733749999999986,2024.94875,898.9362500000002,2029.885,995.09875,72.87,2.488749999999982,1139.79375,640.1500000000001,445.8175000000001,16.858749999999986,1991.57375,874.6237500000002,1989.5725,12.5625,0.9375,0.1875,17.749999999999886,12.9375,8.0625,0.25,30.312499999999773,13.5,17.062500000000114,B
208.1892892156862,12.816176470588236,0.5559803921568809,639.3113480392157,327.1831372549019,229.29497549019595,5.591911764705882,975.6251225490195,591.983774509804,1090.0397549019608,692.21625,41.625,1.2300000000000182,1608.81625,948.09,628.7312499999998,14.1875,2428.94375,1493.6725,2193.2775,117.59124999999996,7.25,0.4800000000000182,452.3162500000001,214.96499999999992,164.85624999999982,4.9375,641.8187499999999,463.0475000000001,1234.5275,25.625,1.75,0.06250000000000004,78.1875,34.5,23.625,0.5625,131.06249999999994,64.625,123.75,1370.5554166666664,184.55083333333334,5.236666666666685,1707.8987500000003,1052.0824999999998,659.9504166666663,19.465,2533.6695833333333,1707.0408333333332,2274.5191666666665,1500.84125,288.75,7.730000000000018,1772.44125,1192.59,753.9812499999998,21.9375,2568.06875,1746.1725,2314.6525,1464.65375,195.6875,5.730000000000018,1722.87875,1080.9025,678.4812499999998,19.9375,2542.00625,1721.11,2284.5275,24.4375,2.25,0.1250000000000001,12.437499999999886,17.250000000000057,9.5,0.5625,12.250000000000227,15.687499999999886,8.4375,B
187.2505637254901,10.415098039215644,0.02156862745088946,630.3229656862745,292.74620098039225,214.502549019608,5.200808823529419,939.4637009803923,565.6329166666667,1072.5374509803921,625.71625,35.79499999999996,0.349999999999909,1581.53375,868.7437500000001,582.7550000000001,13.428750000000008,2403.8362500000003,1446.84125,2173.91,107.46624999999996,5.669999999999959,-0.0250000000000909,463.03375000000005,185.4937500000001,159.7550000000001,4.678750000000008,592.3362500000001,445.59125,1199.035,23.56249999999997,1.5625,0.06250000000000003,74.1875,31.1875,20.625,0.5,124.93750000000006,59.56249999999997,114.62499999999994,1327.7137499999997,165.3958333333333,3.9258333333332422,1703.0220833333337,1016.8254166666662,646.075,24.166250000000005,2541.96125,1697.809583333333,2276.965,1472.96625,262.545,6.224999999999909,1763.78375,1141.49375,723.1300000000001,27.928750000000008,2575.3362500000003,1739.71625,2314.66,1439.34125,174.79499999999996,4.349999999999909,1717.22125,1040.68125,659.9425000000001,25.803750000000008,2550.8362500000003,1716.40375,2286.41,23.75,2.0,0.18750000000000003,13.125000000000227,18.24999999999983,9.4375,0.375,14.6875,17.249999999999773,9.625,B
160.29909313725497,9.75870098039218,-0.16575980392146855,587.4933333333333,249.4428431372549,192.45014705882355,4.720808823529402,876.5522058823527,535.1529166666667,992.1306862745098,545.5662500000001,32.13125000000002,0.3587500000001,1509.535,770.21,529.9575,12.19874999999999,2326.1625,1381.61125,2096.79,89.31625000000008,5.631250000000023,-0.2662499999998999,419.9100000000001,151.46000000000004,142.83249999999998,4.32374999999999,526.9124999999999,421.3612499999999,1046.54,21.375,1.375,0.1875,68.875,27.62499999999997,18.437500000000014,0.6875,114.56249999999994,55.3125,110.625,1262.3670833333335,145.58958333333337,3.2795833333334334,1646.6358333333335,948.0308333333334,605.9333333333333,21.545416666666657,2500.8983333333335,1663.6245833333332,2228.2341666666675,1425.69125,231.00625,5.4837500000001,1710.66,1070.71,678.9575,24.69874999999999,2538.5375,1711.11125,2271.04,1390.62875,153.63125000000002,3.5462500000001,1661.66,972.1475,619.27,23.07374999999999,2512.1625,1685.86125,2239.54,21.125,1.75,0.1875,14.062499999999886,18.3125,9.5,0.375,17.437500000000227,17.875,11.375,B
109.47808823529404,6.408700980392157,-0.7177941176471316,493.34870098039215,220.05115196078438,162.92262254901962,3.410147058823519,716.5125980392157,424.87389705882333,849.5270343137257,381.8825,22.28125,0.0174999999999272,1373.47125,652.0462500000001,450.86625,8.91749999999999,2157.2675,1216.50625,1944.94125,59.257499999999936,3.53125,-0.7325000000000728,308.72125000000005,147.7962500000001,120.11625000000004,2.9174999999999898,331.1424999999999,269.7562499999999,773.6912500000001,15.750000000000028,1.0625,0.1875000000000001,57.875,22.1875,15.3125,0.375,99.74999999999994,47.625,95.125,1044.4375000000002,91.49708333333334,2.0308333333332604,1519.6245833333337,762.8754166666669,494.2270833333333,14.973333333333324,2426.8299999999995,1574.2520833333338,2099.22875,1233.2575,137.65625,3.6424999999999272,1609.47125,908.04625,577.61625,16.66749999999999,2485.7675,1637.13125,2167.31625,1171.3825,98.09375,2.3299999999999272,1538.59625,785.6087500000001,507.55375,15.91749999999999,2443.1425,1603.00625,2114.44125,16.06249999999997,1.125,0.1875,17.437500000000227,15.9375,8.625000000000028,0.25,26.6875,21.625,14.874999999999886,B
113.90176470588234,6.642524509803876,-1.0868382352941541,472.17791666666665,185.85166666666657,140.34816176470582,3.424607843137256,703.9559068627452,420.14696078431353,850.1175735294115,393.365,22.081249999999955,-0.6162500000000364,1338.38625,573.31,402.6937499999999,9.155,2113.3137500000003,1174.62,1953.18375,62.61500000000001,3.7062499999999545,-1.1162500000000364,286.51125,119.55999999999996,100.69374999999992,2.905000000000001,343.31375,291.4949999999999,775.5587499999999,16.4375,1.0625,0.0625,55.0625,19.6875,13.5,0.4375,94.25,43.5625,90.6875,1082.5258333333336,98.6104166666666,1.5337499999999638,1552.269583333333,760.6958333333331,496.95541666666657,16.0725,2442.0604166666676,1560.4408333333329,2150.4495833333335,1284.865,156.20624999999995,3.258749999999964,1622.26125,868.56,556.4437499999999,18.28,2493.9387500000003,1625.12,2202.93375,1212.3025,104.08124999999995,1.7587499999999636,1569.13625,778.81,507.6937499999999,17.28,2462.5012500000003,1598.62,2165.74625,16.3125,1.1875,0.12500000000000006,18.3125,15.1875,8.5,0.2500000000000009,27.875,20.625,14.187500000000114,B
145.65840686274498,8.024632352941198,0.1959558823530321,506.29676470588225,259.41509803921576,174.506200980392,4.220098039215709,848.1206127450981,495.68431372549037,1018.1403921568628,482.1412499999999,27.443750000000023,0.556250000000091,1388.76,732.9200000000001,474.5037499999999,10.600000000000025,2223.58875,1311.9,2079.785,86.6412499999999,4.568750000000023,0.1812500000000909,328.135,186.54500000000007,132.87874999999983,3.850000000000023,559.0887499999999,378.9000000000001,1135.66,18.375,1.125,0.06250000000000003,57.9375,24.1875,16.0,0.75,101.24999999999994,49.1875,110.06249999999994,1154.9654166666667,117.26708333333336,2.803750000000091,1574.4374999999998,858.29,531.1620833333334,12.112500000000024,2419.5670833333324,1637.2474999999997,2192.2091666666665,1324.01625,181.81875,4.181250000000091,1642.51,981.17,604.0037499999999,14.975000000000025,2461.46375,1691.525,2239.41,1283.39125,124.50625000000002,3.181250000000091,1589.5725,880.6075000000001,545.9412499999999,12.350000000000025,2431.46375,1664.4625,2203.785,18.6875,1.4375,0.125,17.625000000000114,15.75,8.749999999999972,0.375,18.6875,19.75,10.6875,B
205.02360294117642,12.475612745098061,0.7363480392157227,682.9809803921567,345.08727941176477,222.7886764705881,1.2664215686274283,1060.2867647058824,670.1249509803921,1189.5242892156862,656.2662499999999,40.81875000000002,1.3662500000000364,1587.53,936.13875,591.0974999999999,5.837499999999977,2394.75,1545.3725,2203.67625,125.7662499999999,7.568750000000023,0.6162500000000364,587.905,254.76375000000007,174.97249999999983,0.5874999999999773,915.5,629.1225,1471.80125,23.375,1.625,0.25,75.0625,32.375,21.062500000000014,0.375,126.125,65.62499999999997,129.75,1313.01875,169.39541666666662,4.042916666666703,1681.8158333333336,1037.7120833333333,640.1633333333333,13.162499999999971,2482.2708333333335,1741.8324999999995,2264.7062499999997,1446.14125,264.56875,5.491250000000036,1735.155,1155.13875,711.8474999999999,16.087499999999977,2510.625,1776.2475,2296.92625,1415.07875,178.75625000000002,4.428750000000036,1693.655,1060.63875,654.5974999999999,14.337499999999975,2489.25,1755.7475,2272.67625,22.625,2.0,0.06250000000000022,10.874999999999886,15.875000000000057,8.8125,0.375,9.9375,13.749999999999773,6.750000000000227,B
177.35919117647052,10.629950980392211,-0.06801470588235294,579.7939705882354,295.36181372549026,198.48151960784298,1.351299019607834,941.9756617647059,577.6857352941175,1079.094730392157,587.6312499999999,35.752500000000055,0.46875,1469.6175,860.3275000000001,560.3074999999999,6.603749999999991,2285.69625,1421.5975,2118.01875,103.13124999999992,5.877500000000055,-0.15625,432.61750000000006,198.9525000000001,146.5574999999999,0.6037499999999909,701.32125,497.9724999999999,1269.39375,22.0,1.5,0.1875,65.9375,30.3125,19.625,0.375,116.125,56.24999999999997,117.5,1269.4637500000003,157.94500000000005,3.36875,1602.8099999999997,1013.2683333333333,635.6508333333334,14.097916666666658,2406.162083333334,1656.924166666667,2202.8670833333326,1415.00625,249.00250000000003,4.96875,1660.8675,1136.5775,710.4324999999999,16.85374999999999,2438.07125,1697.5975,2238.89375,1381.63125,167.06500000000003,3.84375,1616.93,1035.9525,650.8074999999999,15.228749999999993,2414.75875,1674.16,2211.64375,22.0625,1.9375,0.0625,13.312500000000114,17.81250000000017,9.875,0.3125,12.5,16.062499999999886,8.4375,B
194.63257352941176,11.614509803921601,0.19958333333336964,658.7640196078431,338.5501960784313,241.93509803921577,5.963259803921596,1021.5760539215687,637.8808088235294,1153.5327696078432,636.57375,39.59000000000003,0.7412500000000364,1588.34,931.56,616.69,14.688750000000027,2370.56625,1500.73375,2198.6087500000003,116.57375000000002,6.840000000000032,0.1162500000000363,524.8399999999999,244.43499999999997,197.81500000000003,5.438750000000027,836.8162500000001,586.8587499999999,1393.10875,23.25,1.625,0.06250000000000004,76.625,32.3125,22.000000000000014,0.625,124.5,63.1875,125.81249999999994,1319.9729166666664,176.42416666666674,4.08458333333337,1706.905,1091.428333333333,689.5183333333335,26.627916666666703,2474.0670833333334,1718.0104166666667,2280.5170833333336,1459.19875,282.46500000000003,6.241250000000036,1757.59,1201.06,758.44,31.188750000000027,2500.81625,1754.35875,2309.9837500000003,1429.26125,185.34000000000003,4.491250000000036,1718.465,1111.9975,702.0025,28.376250000000027,2481.06625,1734.04625,2287.6712500000003,23.0,2.125,0.1875,11.750000000000114,17.25,9.25,0.3125,10.9375,14.750000000000114,7.5625,B
181.63561274509803,11.041715686274564,0.49321078431367094,636.6123039215687,297.15919117647064,205.49377450980376,1.2931617647058982,987.49875,607.2376470588233,1119.6958578431372,585.72875,35.502500000000055,0.9662499999999454,1524.1025,842.9312500000001,545.5574999999999,5.138750000000016,2335.49875,1434.37,2133.92625,110.60375,6.877500000000055,0.4662499999999454,516.7275,207.5562500000001,161.4324999999999,0.5137500000000159,775.62375,552.4949999999999,1325.67625,21.4375,1.4375000000000018,0.1875,68.125,28.8125,18.875,0.3125,116.0625,55.3125,112.1875,1253.3279166666664,146.54083333333338,3.7187499999999454,1627.4033333333334,975.3729166666662,600.3991666666667,10.580416666666684,2452.80625,1664.7983333333327,2215.7387499999995,1398.85375,226.37750000000003,5.341249999999945,1690.6025,1100.55625,677.1824999999999,12.388750000000016,2487.24875,1706.87,2254.55125,1364.79125,155.56500000000003,4.091249999999945,1641.7275,999.24375,615.1199999999999,11.388750000000016,2461.06125,1681.37,2224.42625,20.875,1.75,0.06250000000000022,12.0625,16.4375,8.6875,0.25,12.312500000000227,15.25,8.375000000000227,B
114.19852941176471,6.366813725490178,-0.3409313725490651,424.7778431372549,186.65769607843137,162.51958333333357,5.290024509803913,687.9069362745099,306.92507352941175,917.1282352941176,397.875,22.707499999999985,-0.0125000000000454,1162.045,606.2925,463.0612500000002,12.978749999999993,1921.69125,837.36625,1950.165,59.875,2.832499999999982,-0.3875000000000455,267.5450000000001,103.41750000000002,112.6862500000002,4.853749999999991,365.3162500000001,220.61625000000004,957.165,16.625,1.0625000000000018,0.1875,49.9375,22.25,16.375,0.5,92.06249999999994,31.8125,99.5,1067.71,105.85833333333333,3.1299999999999546,1276.0641666666668,770.6841666666667,521.2862500000002,20.266249999999992,2102.522916666667,1052.3337500000002,2066.025833333334,1251.625,165.70749999999998,5.4874999999999545,1348.545,891.1675,592.0612500000002,22.22874999999999,2146.81625,1094.61625,2116.54,1194.25,112.51999999999998,3.4249999999999545,1290.8575,788.4175,531.6862500000002,21.54124999999999,2113.69125,1068.17875,2077.3525,16.875,1.3125,0.1875,13.8125,17.0625,8.6875,0.25,18.624999999999886,13.5625,11.375,B
104.83446078431362,6.797818627451008,-0.8366666666667394,475.7287254901961,199.76906862745105,151.74475490196085,3.1799754901960866,684.9985539215686,424.00796568627453,845.9290441176469,369.0574999999999,21.876250000000027,0.0799999999999272,1354.415,612.4725000000001,430.8575000000001,8.616250000000008,2119.48875,1212.09375,1952.19375,55.18249999999989,3.8762500000000273,-0.9200000000000728,283.915,128.72250000000008,109.85750000000009,2.616250000000008,301.61375,275.71875,761.8187499999999,15.375,0.9375,0.0625,56.3125,21.0625,14.3125,0.6875,96.6875,45.9375,92.9375,1029.6299999999997,88.91458333333334,1.2924999999999272,1517.2166666666665,735.8600000000001,480.825,14.180416666666675,2421.947083333333,1582.8604166666667,2105.0979166666666,1220.3075,133.12625000000003,2.8299999999999272,1609.29,880.2225000000001,563.1075000000001,15.741250000000008,2483.98875,1647.34375,2175.06875,1155.62,95.37625000000004,1.4549999999999272,1536.54,757.8475000000001,492.6700000000001,15.241250000000008,2439.80125,1612.84375,2122.31875,15.8125,1.0625,0.06250000000000003,18.75,16.125,8.875,0.375,29.437500000000227,22.125,14.937500000000227,B
174.88115196078434,10.86379901960788,-1.1969362745098493,549.0787254901961,374.05825980392154,236.1595343137255,5.325906862745101,986.8610049019608,530.8720343137256,1033.8942401960783,633.37625,38.24125000000004,0.1437499999999545,1523.765,1085.53375,677.82375,14.683750000000003,2444.47375,1485.91125,2201.16875,82.75125000000003,5.616250000000036,-1.3562500000000457,318.2650000000001,241.90875000000003,162.19875000000002,4.308750000000003,634.3487500000001,331.2862500000001,1054.04375,27.1875,1.9375,0.37499999999999983,69.1875,40.3125,24.0625,0.5625,138.625,63.875,110.75,1439.8470833333333,227.26875,7.839583333333288,1783.531666666667,1316.885416666667,834.6237499999999,33.53541666666668,2561.174583333334,1785.4329166666676,2355.553750000001,1595.50125,397.74125,14.518749999999956,1828.765,1406.03375,899.07375,43.05875,2580.22375,1826.16125,2381.79375,1570.25125,233.30375000000004,8.206249999999955,1803.64,1338.22125,848.51125,35.68375,2568.34875,1810.41125,2366.48125,27.0625,2.875,0.18750000000000006,17.750000000000114,20.0625,12.875,0.5625,11.5,20.4375,11.625,B
156.5223774509803,8.923480392156831,-0.34377450980394886,629.5540931372549,319.24723039215695,216.8809068627451,4.504803921568632,940.4395833333332,540.1949754901959,1024.512279411765,516.0787499999999,30.097499999999968,0.0924999999999727,1506.19625,858.1712500000001,554.11375,11.245000000000005,2328.35625,1361.13125,2055.1887500000003,94.5787499999999,5.347499999999968,-0.4075000000000273,535.44625,242.0462500000001,179.98874999999998,3.995000000000005,690.48125,453.5062499999999,1145.56375,19.4375,1.3125,0.06250000000000004,65.25,29.25,18.4375,0.4375,110.125,49.5,97.5625,1203.39625,128.0633333333333,3.165833333333306,1616.6329166666665,965.61875,607.5854166666666,20.245833333333334,2481.7179166666674,1653.1862500000004,2186.213750000001,1371.70375,202.0975,5.592499999999973,1676.07125,1080.92125,677.61375,23.745000000000005,2515.98125,1700.50625,2225.8137500000003,1331.70375,134.97249999999997,3.5299999999999727,1629.94625,987.35875,620.05125,21.620000000000005,2491.16875,1677.13125,2196.8137500000003,19.5,1.5,0.1875,12.1875,15.06250000000017,8.625,0.3125,15.25,18.187500000000227,10.625,B
89.74468137254902,6.7247058823529775,-0.6003186274510167,340.0594362745098,217.86598039215687,132.06188725490196,3.3859068627451037,704.6401715686275,362.2383823529412,798.5898529411762,327.79125,20.08500000000004,0.4462499999999636,1161.84375,637.79,402.09375,8.993750000000006,2118.5862500000003,1120.5325,1914.5825,43.04124999999999,4.210000000000036,-0.6787500000000364,138.21875,152.28999999999996,85.59375,2.7437500000000057,346.83625000000006,195.28250000000003,657.2075,14.625,1.125,0.1875,49.5625,20.6875,13.9375,0.5,93.12500000000006,43.0,91.375,1059.32875,96.785,4.296249999999963,1567.0104166666667,868.6566666666666,552.44875,17.835416666666678,2474.5070833333334,1608.6749999999995,2172.755833333333,1309.16625,162.21000000000004,7.321249999999964,1634.21875,958.04,603.46875,21.61875000000001,2520.7112500000003,1689.6575,2220.4575,1191.79125,100.08500000000004,4.571249999999964,1595.46875,888.665,563.40625,19.11875000000001,2498.7737500000003,1668.9075,2192.895,15.5625,1.1875,0.1875,28.3125,15.6875,9.625,0.3125,28.9375,25.000000000000114,16.437500000000227,B
107.70818627450988,8.57541666666672,-0.21958333333335153,500.17022058823545,192.692156862745,157.87166666666658,3.5567892156862837,774.9615931372551,474.0236029411765,915.4593872549019,383.36750000000006,25.15875000000005,0.4887499999999818,1402.61875,623.425,452.7049999999999,9.458750000000007,2222.22875,1289.89125,2022.74125,55.367500000000064,5.658750000000055,-0.2612500000000182,300.7437500000001,111.29999999999995,112.57999999999991,3.083750000000009,407.97875,341.3912499999999,881.49125,16.375,1.0,0.18749999999999983,59.5,22.5625,15.3125,0.375,101.625,48.875,100.25,1094.7424999999998,104.79958333333339,3.4054166666666483,1600.1162499999996,848.0108333333335,542.9091666666667,17.16125000000001,2487.0870833333342,1655.2295833333335,2189.5770833333327,1301.4925,163.28375000000003,5.863749999999982,1669.61875,967.8,611.8299999999999,19.58375000000001,2533.22875,1716.26625,2240.61625,1229.43,110.84625000000004,3.738749999999982,1617.11875,868.425,554.4549999999999,18.52125000000001,2503.16625,1687.64125,2203.36625,16.875,1.25,0.1875,18.624999999999773,18.25,9.4375,0.375,24.4375,21.124999999999886,13.375,B
112.57134803921576,9.125563725490142,-0.3929411764705519,493.8644607843139,223.61210784313727,161.24034313725505,3.5705637254901914,742.8511274509806,458.6773529411764,862.530049019608,398.2012500000001,26.466249999999945,0.4600000000000364,1375.0875,689.4675,467.50750000000016,9.661249999999995,2166.5325000000003,1267.42,1964.6575,59.70125000000007,6.091249999999945,-0.5399999999999636,318.3375000000001,145.34249999999997,115.88250000000016,3.1612499999999955,385.5325,329.6700000000001,811.2825,17.5,1.1875,0.0625,56.6875,23.4375,15.4375,0.375,97.5625,46.0,94.1875,1136.2654166666666,117.72874999999995,2.4250000000000362,1577.3683333333329,907.8424999999999,576.3033333333334,18.700416666666666,2446.205000000001,1659.0458333333333,2169.6966666666676,1341.45125,187.71624999999997,4.335000000000036,1644.9625,1029.8425,649.1325000000002,21.911249999999995,2491.2825000000003,1721.92,2219.1575000000003,1278.26375,123.96624999999996,2.7100000000000364,1593.9,930.53,588.7575000000002,20.098749999999995,2462.7825000000003,1695.545,2185.1575000000003,17.8125,1.5,0.125,17.937499999999773,18.312499999999886,10.125,0.5625,24.875,21.75,14.875000000000114,B
150.18762254901955,8.014313725490215,1.4150245098039125,480.04357843137257,345.22877450980394,214.91024509803938,7.324240196078427,830.6822303921566,336.7199264705882,976.8034803921569,541.1312499999999,29.605000000000015,4.103749999999991,1321.8475,959.6675,606.1725000000001,18.848749999999995,2153.48125,1003.52875,2084.1025,72.25624999999991,3.605000000000018,1.103749999999991,283.4725000000001,239.2925,147.04750000000013,6.223749999999996,487.9812500000001,178.90374999999997,995.4775,22.8125,1.4375,0.1875,60.3125,34.875,21.8125,0.6874999999999996,116.25,42.12500000000003,103.3125,1310.6220833333336,178.43999999999997,9.870416666666658,1521.8241666666668,1129.4816666666663,736.2533333333336,37.34125,2284.7279166666676,1279.6337499999995,2232.293333333334,1483.38125,311.23,13.603749999999993,1560.7225,1213.1675,788.0475000000001,46.09875,2306.48125,1320.02875,2258.9775,1448.94375,183.4175,10.353749999999993,1535.91,1147.4175,747.2975000000001,40.09875,2292.16875,1304.59125,2242.3525,23.1875,2.3125,0.1875,14.999999999999886,16.3125,10.875,0.5,12.875,17.3125,10.9375,B
93.07431372549016,4.935122549019576,0.1233578431372458,372.2556617647058,146.23340686274506,129.2779656862745,4.167769607843143,596.0169117647059,285.54850490196094,789.5124264705883,318.415,16.878749999999968,0.8537499999999909,1079.35125,468.09125,364.11375,10.618750000000006,1816.8625,815.1612500000001,1788.19625,52.28999999999997,2.628749999999968,-0.021250000000009,226.85124999999996,87.71624999999995,96.23874999999998,3.6187500000000057,295.23749999999995,195.9112500000001,749.94625,13.25,0.75,0.1875,42.68749999999997,16.4375,11.937500000000014,0.4375,76.875,29.125,87.0625,961.2291666666665,82.4545833333333,2.7629166666666576,1307.9795833333335,698.0370833333332,472.6879166666666,18.27375000000001,2177.4724999999994,1151.290416666667,2009.267083333334,1191.29,135.75374999999997,3.853749999999991,1364.85125,777.71625,514.98875,21.11875000000001,2226.8625,1211.66125,2054.19625,1072.79,85.94124999999997,3.041249999999991,1324.35125,715.52875,481.92625,19.49375000000001,2202.6125,1191.53625,2026.50875,13.5,1.0,0.1875,17.187499999999886,13.749999999999972,7.625,0.25,27.875000000000114,15.8125,13.6875,B
79.63830882352944,3.5187009803921705,1.271887254901997,321.22509803921565,126.92909313725487,111.6593137254902,5.579607843137257,524.4150245098039,266.4433333333335,714.0036274509802,271.61625000000004,13.766250000000014,3.3037500000000364,999.98,408.19625,319.75,13.435000000000002,1690.97875,782.1100000000001,1717.185,44.11625000000004,1.3912500000000136,1.0537500000000364,169.10500000000002,75.44624999999996,79.0,4.685000000000002,240.47875,174.11000000000013,606.81,11.4375,0.875,0.12500000000000006,39.0625,14.5625,10.5,0.4375,69.875,27.3125,73.75,870.7404166666669,68.61375,4.4654166666667034,1273.5641666666663,606.18625,417.8908333333333,22.154166666666665,2146.824583333334,1155.0808333333334,1954.035833333333,1089.74125,108.76625,4.928750000000036,1351.98,703.44625,471.25,24.685,2215.10375,1223.735,2017.56,976.05375,72.89125000000001,4.553750000000036,1293.4175,622.82125,427.0,23.4975,2177.85375,1195.2975,1972.81,12.25,0.875,0.12500000000000022,21.75,13.187499999999972,7.625,0.3125,35.125000000000114,17.75,16.749999999999773,B
96.8976470588235,5.575735294117601,0.41448529411771984,395.8890441176471,153.71700980392168,134.02416666666673,4.231715686274505,622.1417401960784,337.21426470588216,831.8613235294116,339.53,18.862499999999955,1.3262500000000728,1170.77875,504.1925000000001,389.4825000000001,11.192499999999995,1915.04125,955.0524999999998,1894.4275,51.65499999999997,2.9874999999999545,0.3262500000000727,223.90374999999997,89.31750000000011,95.35750000000009,3.692499999999996,293.66625,230.42749999999975,767.8025,14.625,0.875,0.1875,47.06249999999997,18.375,12.9375,0.4375,83.4375,34.4375,89.875,1016.7966666666666,91.68583333333326,3.9387500000000726,1410.757083333333,742.485,498.90416666666664,19.455,2263.3204166666674,1305.9825,2090.8083333333325,1232.905,147.61249999999995,5.576250000000073,1480.77875,847.6925000000001,557.3575000000001,22.067499999999995,2316.54125,1367.6774999999998,2143.5525,1142.905,96.73749999999995,4.201250000000073,1428.27875,762.0050000000001,508.7325000000001,21.004999999999995,2285.41625,1340.8024999999998,2106.0525,14.9375,1.1875,0.1875,19.125,15.5625,8.75,0.5625,28.562500000000114,18.125,14.187499999999886,B
149.85132352941176,8.078823529411746,1.201299019607743,543.6576715686274,232.3342401960785,193.68669117647036,6.726593137254906,822.1110784313726,450.92811274509774,1009.5241421568626,515.1675,28.144999999999985,3.7037499999999,1418.35375,731.4837500000001,536.9587499999998,17.368750000000006,2208.54,1198.0212499999998,2096.04375,81.29250000000002,4.144999999999982,0.8287499999999,369.47875,137.3587500000001,142.58374999999978,5.618750000000006,467.915,336.6462499999998,1088.79375,20.625,1.3125,0.12500000000000003,63.875,26.1875,18.4375,0.625,110.1875,46.625,110.1875,1229.5241666666664,140.43333333333334,6.684583333333233,1563.1970833333332,947.9170833333334,621.4445833333331,31.472083333333345,2381.818333333334,1469.1095833333334,2217.3512500000006,1397.0425,226.52,7.7037499999999,1624.60375,1064.10875,691.9587499999998,35.868750000000006,2417.665,1514.7712499999998,2257.41875,1363.73,148.14499999999998,7.1412499999999,1577.41625,969.67125,634.1462499999998,33.806250000000006,2392.3525,1490.5212499999998,2227.98125,20.75,1.75,0.1875,14.375000000000114,19.250000000000114,10.0625,0.8125000000000053,17.5,17.125,10.3125,B
101.28953431372538,5.530686274509859,-0.0022549019607934085,422.969338235294,162.50502450980386,137.79639705882357,4.286495098039228,629.3261519607844,342.7241666666666,815.4599754901959,356.4537499999999,18.69000000000005,0.7599999999999909,1226.49875,529.1937499999999,399.55375,11.048750000000013,1971.07125,997.4325,1891.52125,53.3287499999999,2.8150000000000546,-0.1150000000000091,247.12375,96.44374999999992,97.30375000000004,3.673750000000013,278.44625,220.5574999999999,732.52125,15.0625,0.8749999999999982,0.0625,50.1875,19.0,13.375,0.375,87.625,36.8125,88.3125,1023.2770833333333,89.91666666666673,3.264166666666658,1427.3154166666668,728.6345833333332,486.8620833333333,18.657083333333343,2305.7970833333343,1361.145833333333,2079.7345833333325,1222.07875,141.69000000000003,4.634999999999991,1506.24875,847.8187499999999,555.05375,20.798750000000013,2362.44625,1424.4325,2139.14625,1149.64125,95.62750000000004,3.509999999999991,1445.24875,748.5062499999999,497.36625,19.923750000000013,2326.25875,1394.1825,2095.14625,15.5,1.125,0.0625,18.874999999999886,16.125,8.687500000000028,0.3125,29.875,19.999999999999773,15.124999999999886,B
